{
  "status": "COMPLETED",
  "timestamp": "2025-12-14T09:53:43.281869",
  "scenarios": 2,
  "verdicts": {
    "PASS": 0,
    "WARN": 1,
    "FAIL": 1
  },
  "details": {
    "depth2_orc_baseline": {
      "verdict": "WARN",
      "deltas": {
        "death_rate": 0.0,
        "player_hit_rate": 0.035699003606577406,
        "monster_hit_rate": -0.05069124423963134,
        "pressure_index": 0.40000000000000036,
        "bonus_attacks_per_run": -0.5999999999999996
      }
    },
    "depth2_orc_baseline_keen": {
      "verdict": "FAIL",
      "deltas": {
        "death_rate": 0.0,
        "player_hit_rate": 0.13126984126984131,
        "monster_hit_rate": 0.11405650505755144,
        "pressure_index": 2.4000000000000004,
        "bonus_attacks_per_run": -1.6000000000000005
      }
    }
  }
}