{
  "status": "COMPLETED",
  "timestamp": "2025-12-15T07:50:29.440729",
  "scenarios": 15,
  "verdicts": {
    "PASS": 9,
    "WARN": 6,
    "FAIL": 0
  },
  "details": {
    "depth3_orc_brutal": {
      "verdict": "PASS",
      "deltas": {
        "death_rate": 0.07999999999999999,
        "player_hit_rate": 0.008296025247176986,
        "monster_hit_rate": -0.015072357125337221,
        "pressure_index": 0.46000000000000085,
        "bonus_attacks_per_run": -0.46000000000000085
      }
    },
    "depth3_orc_brutal_keen": {
      "verdict": "WARN",
      "deltas": {
        "death_rate": 0.12,
        "player_hit_rate": -0.01836854817430833,
        "monster_hit_rate": 0.029875275128393275,
        "pressure_index": 0.03999999999999915,
        "bonus_attacks_per_run": 0.29999999999999893
      }
    },
    "depth3_orc_brutal_vicious": {
      "verdict": "WARN",
      "deltas": {
        "death_rate": 0.02,
        "player_hit_rate": -0.04447753540882249,
        "monster_hit_rate": 0.07695061485313331,
        "pressure_index": -0.5600000000000023,
        "bonus_attacks_per_run": 0.6000000000000005
      }
    },
    "depth3_orc_brutal_fine": {
      "verdict": "PASS",
      "deltas": {
        "death_rate": 0.0,
        "player_hit_rate": -0.04389887105094248,
        "monster_hit_rate": -0.0444360504646068,
        "pressure_index": -0.6599999999999966,
        "bonus_attacks_per_run": 0.7000000000000002
      }
    },
    "depth3_orc_brutal_masterwork": {
      "verdict": "PASS",
      "deltas": {
        "death_rate": 0.0,
        "player_hit_rate": -0.04412048329457152,
        "monster_hit_rate": -0.0017400881057269002,
        "pressure_index": -0.09999999999999876,
        "bonus_attacks_per_run": 0.18000000000000016
      }
    },
    "depth5_zombie": {
      "verdict": "WARN",
      "deltas": {
        "death_rate": -0.14,
        "player_hit_rate": 0.011098062243100393,
        "monster_hit_rate": -0.010506274458470188,
        "pressure_index": -3.799999999999997,
        "bonus_attacks_per_run": -0.6600000000000001
      }
    },
    "depth5_zombie_keen": {
      "verdict": "PASS",
      "deltas": {
        "death_rate": 0.07999999999999999,
        "player_hit_rate": 0.02063807275982754,
        "monster_hit_rate": -0.022388548951048914,
        "pressure_index": 0.7800000000000011,
        "bonus_attacks_per_run": 0.3600000000000012
      }
    },
    "depth5_zombie_vicious": {
      "verdict": "PASS",
      "deltas": {
        "death_rate": 0.02,
        "player_hit_rate": 0.0059692243368150155,
        "monster_hit_rate": -0.005237986536326844,
        "pressure_index": -0.3200000000000003,
        "bonus_attacks_per_run": -0.35999999999999943
      }
    },
    "depth5_zombie_fine": {
      "verdict": "PASS",
      "deltas": {
        "death_rate": -0.04000000000000001,
        "player_hit_rate": 0.015193706592936396,
        "monster_hit_rate": -0.0055403464501948,
        "pressure_index": 0.3000000000000078,
        "bonus_attacks_per_run": 0.9400000000000013
      }
    },
    "depth5_zombie_masterwork": {
      "verdict": "PASS",
      "deltas": {
        "death_rate": 0.0,
        "player_hit_rate": -0.004443426477324763,
        "monster_hit_rate": -0.02572688311287885,
        "pressure_index": -0.6600000000000001,
        "bonus_attacks_per_run": 0.040000000000000036
      }
    },
    "depth2_orc_baseline": {
      "verdict": "PASS",
      "deltas": {
        "death_rate": 0.025,
        "player_hit_rate": -0.018821237726710294,
        "monster_hit_rate": -0.022543904768902945,
        "pressure_index": -0.5250000000000004,
        "bonus_attacks_per_run": 0.34999999999999964
      }
    },
    "depth2_orc_baseline_keen": {
      "verdict": "WARN",
      "deltas": {
        "death_rate": 0.025,
        "player_hit_rate": 0.019218894813858967,
        "monster_hit_rate": 0.07311107354856666,
        "pressure_index": 1.0249999999999986,
        "bonus_attacks_per_run": -0.7250000000000005
      }
    },
    "depth2_orc_baseline_vicious": {
      "verdict": "WARN",
      "deltas": {
        "death_rate": 0.0,
        "player_hit_rate": -0.009225605762933853,
        "monster_hit_rate": 0.05572909593010095,
        "pressure_index": -0.14999999999999947,
        "bonus_attacks_per_run": 0.2250000000000001
      }
    },
    "depth2_orc_baseline_fine": {
      "verdict": "PASS",
      "deltas": {
        "death_rate": 0.0,
        "player_hit_rate": -0.012078785894125477,
        "monster_hit_rate": -0.004519728548053992,
        "pressure_index": -0.15000000000000036,
        "bonus_attacks_per_run": -0.09999999999999964
      }
    },
    "depth2_orc_baseline_masterwork": {
      "verdict": "WARN",
      "deltas": {
        "death_rate": 0.0,
        "player_hit_rate": 0.08103677735579584,
        "monster_hit_rate": 0.030303030303030276,
        "pressure_index": 0.6999999999999993,
        "bonus_attacks_per_run": -0.5249999999999999
      }
    }
  }
}