{
  "status": "COMPLETED",
  "timestamp": "2025-12-15T08:00:52.510564",
  "scenarios": 15,
  "verdicts": {
    "PASS": 11,
    "WARN": 4,
    "FAIL": 0
  },
  "details": {
    "depth3_orc_brutal": {
      "verdict": "PASS",
      "deltas": {
        "death_rate": 0.01999999999999999,
        "player_hit_rate": 0.011627189239381885,
        "monster_hit_rate": -0.0038050657375639507,
        "pressure_index": 0.9800000000000004,
        "bonus_attacks_per_run": -0.9000000000000004
      }
    },
    "depth3_orc_brutal_keen": {
      "verdict": "WARN",
      "deltas": {
        "death_rate": 0.1,
        "player_hit_rate": -0.03497880997070624,
        "monster_hit_rate": 0.0005861191541634003,
        "pressure_index": -0.08000000000000007,
        "bonus_attacks_per_run": 0.47999999999999865
      }
    },
    "depth3_orc_brutal_vicious": {
      "verdict": "WARN",
      "deltas": {
        "death_rate": 0.0,
        "player_hit_rate": -0.022385293209804757,
        "monster_hit_rate": 0.0834411030764467,
        "pressure_index": -0.020000000000003126,
        "bonus_attacks_per_run": 0.08000000000000007
      }
    },
    "depth3_orc_brutal_fine": {
      "verdict": "WARN",
      "deltas": {
        "death_rate": -0.02,
        "player_hit_rate": -0.024722852999362277,
        "monster_hit_rate": -0.07013005566525338,
        "pressure_index": -0.13999999999999702,
        "bonus_attacks_per_run": 0.2599999999999998
      }
    },
    "depth3_orc_brutal_masterwork": {
      "verdict": "PASS",
      "deltas": {
        "death_rate": 0.0,
        "player_hit_rate": 0.008071732043524737,
        "monster_hit_rate": 0.026167512690355332,
        "pressure_index": 0.4399999999999995,
        "bonus_attacks_per_run": -0.33999999999999986
      }
    },
    "depth5_zombie": {
      "verdict": "PASS",
      "deltas": {
        "death_rate": 0.03999999999999998,
        "player_hit_rate": 0.0028127675186498946,
        "monster_hit_rate": 0.0034487286395870065,
        "pressure_index": -2.8799999999999955,
        "bonus_attacks_per_run": -0.6000000000000014
      }
    },
    "depth5_zombie_keen": {
      "verdict": "PASS",
      "deltas": {
        "death_rate": 0.01999999999999999,
        "player_hit_rate": 0.015032155498281075,
        "monster_hit_rate": 0.005911375706994071,
        "pressure_index": -0.6000000000000014,
        "bonus_attacks_per_run": -0.41999999999999993
      }
    },
    "depth5_zombie_vicious": {
      "verdict": "PASS",
      "deltas": {
        "death_rate": 0.039999999999999994,
        "player_hit_rate": -0.0023672752552047482,
        "monster_hit_rate": 0.024371887150727745,
        "pressure_index": 1.1799999999999997,
        "bonus_attacks_per_run": 0.3200000000000003
      }
    },
    "depth5_zombie_fine": {
      "verdict": "PASS",
      "deltas": {
        "death_rate": -0.08000000000000002,
        "player_hit_rate": 0.014231667069145915,
        "monster_hit_rate": 0.010492488280480938,
        "pressure_index": -0.11999999999999389,
        "bonus_attacks_per_run": 0.02000000000000135
      }
    },
    "depth5_zombie_masterwork": {
      "verdict": "PASS",
      "deltas": {
        "death_rate": 0.02,
        "player_hit_rate": 0.01222135545942371,
        "monster_hit_rate": 0.04079027550594949,
        "pressure_index": -0.6400000000000006,
        "bonus_attacks_per_run": -0.16000000000000014
      }
    },
    "depth2_orc_baseline": {
      "verdict": "PASS",
      "deltas": {
        "death_rate": 0.0,
        "player_hit_rate": -0.022395115757624873,
        "monster_hit_rate": -0.048787260190151005,
        "pressure_index": -0.4750000000000032,
        "bonus_attacks_per_run": 0.125
      }
    },
    "depth2_orc_baseline_keen": {
      "verdict": "PASS",
      "deltas": {
        "death_rate": -0.025,
        "player_hit_rate": 0.019989281886388044,
        "monster_hit_rate": 0.02447438232499205,
        "pressure_index": 0.7499999999999982,
        "bonus_attacks_per_run": -0.5
      }
    },
    "depth2_orc_baseline_vicious": {
      "verdict": "PASS",
      "deltas": {
        "death_rate": 0.0,
        "player_hit_rate": 0.01296816479400742,
        "monster_hit_rate": 0.00167504187604689,
        "pressure_index": 0.3250000000000002,
        "bonus_attacks_per_run": -0.17500000000000027
      }
    },
    "depth2_orc_baseline_fine": {
      "verdict": "PASS",
      "deltas": {
        "death_rate": 0.0,
        "player_hit_rate": 0.01788078754370881,
        "monster_hit_rate": 0.017185697808535128,
        "pressure_index": 0.25,
        "bonus_attacks_per_run": -0.25
      }
    },
    "depth2_orc_baseline_masterwork": {
      "verdict": "WARN",
      "deltas": {
        "death_rate": 0.0,
        "player_hit_rate": 0.07411955549491367,
        "monster_hit_rate": 0.047397047397047365,
        "pressure_index": 0.34999999999999964,
        "bonus_attacks_per_run": -0.34999999999999964
      }
    }
  }
}