{
  "status": "COMPLETED",
  "timestamp": "2025-12-14T10:41:59.781973",
  "scenarios": 15,
  "verdicts": {
    "PASS": 11,
    "WARN": 4,
    "FAIL": 0
  },
  "details": {
    "depth3_orc_brutal": {
      "verdict": "PASS",
      "deltas": {
        "death_rate": -0.07999999999999999,
        "player_hit_rate": 0.015833844745628656,
        "monster_hit_rate": 0.014252845407542847,
        "pressure_index": -0.2400000000000002,
        "bonus_attacks_per_run": 0.2400000000000002
      }
    },
    "depth3_orc_brutal_keen": {
      "verdict": "PASS",
      "deltas": {
        "death_rate": -0.060000000000000005,
        "player_hit_rate": 0.009727684087899702,
        "monster_hit_rate": -0.03503671344920534,
        "pressure_index": 0.10000000000000142,
        "bonus_attacks_per_run": -0.17999999999999972
      }
    },
    "depth3_orc_brutal_vicious": {
      "verdict": "WARN",
      "deltas": {
        "death_rate": 0.0,
        "player_hit_rate": 0.0300584385333158,
        "monster_hit_rate": -0.08009834368530022,
        "pressure_index": 0.480000000000004,
        "bonus_attacks_per_run": -0.4400000000000004
      }
    },
    "depth3_orc_brutal_fine": {
      "verdict": "PASS",
      "deltas": {
        "death_rate": 0.02,
        "player_hit_rate": 0.013090441932168573,
        "monster_hit_rate": 0.004014720642355307,
        "pressure_index": 0.259999999999998,
        "bonus_attacks_per_run": -0.2400000000000002
      }
    },
    "depth3_orc_brutal_masterwork": {
      "verdict": "PASS",
      "deltas": {
        "death_rate": 0.0,
        "player_hit_rate": -0.0256127326045108,
        "monster_hit_rate": 0.044999999999999984,
        "pressure_index": -0.02000000000000135,
        "bonus_attacks_per_run": -0.10000000000000009
      }
    },
    "depth5_zombie": {
      "verdict": "WARN",
      "deltas": {
        "death_rate": 0.10000000000000003,
        "player_hit_rate": 0.008359847775906148,
        "monster_hit_rate": -0.029112683546005935,
        "pressure_index": 3.8599999999999994,
        "bonus_attacks_per_run": 1.620000000000001
      }
    },
    "depth5_zombie_keen": {
      "verdict": "PASS",
      "deltas": {
        "death_rate": -0.01999999999999999,
        "player_hit_rate": -0.01979891192066663,
        "monster_hit_rate": 0.004879135287789105,
        "pressure_index": 1.1400000000000006,
        "bonus_attacks_per_run": 0.16000000000000014
      }
    },
    "depth5_zombie_vicious": {
      "verdict": "PASS",
      "deltas": {
        "death_rate": -0.02,
        "player_hit_rate": -0.03048775731479958,
        "monster_hit_rate": -0.0027042229145032848,
        "pressure_index": 0.8399999999999999,
        "bonus_attacks_per_run": 1.0599999999999996
      }
    },
    "depth5_zombie_fine": {
      "verdict": "PASS",
      "deltas": {
        "death_rate": 0.020000000000000018,
        "player_hit_rate": -0.01984469720008919,
        "monster_hit_rate": 0.00831293256443677,
        "pressure_index": -0.580000000000009,
        "bonus_attacks_per_run": -0.28000000000000114
      }
    },
    "depth5_zombie_masterwork": {
      "verdict": "PASS",
      "deltas": {
        "death_rate": 0.0,
        "player_hit_rate": 0.005541514989913954,
        "monster_hit_rate": 0.011985871500715173,
        "pressure_index": -0.16000000000000014,
        "bonus_attacks_per_run": -0.23999999999999977
      }
    },
    "depth2_orc_baseline": {
      "verdict": "PASS",
      "deltas": {
        "death_rate": 0.0,
        "player_hit_rate": 0.01226319117930097,
        "monster_hit_rate": 0.02790816718282102,
        "pressure_index": 0.025000000000000355,
        "bonus_attacks_per_run": 0.024999999999999467
      }
    },
    "depth2_orc_baseline_keen": {
      "verdict": "WARN",
      "deltas": {
        "death_rate": 0.0,
        "player_hit_rate": 0.005223444713685965,
        "monster_hit_rate": -0.0842572062084257,
        "pressure_index": -0.8000000000000007,
        "bonus_attacks_per_run": 0.5250000000000004
      }
    },
    "depth2_orc_baseline_vicious": {
      "verdict": "WARN",
      "deltas": {
        "death_rate": 0.0,
        "player_hit_rate": -0.006730769230769207,
        "monster_hit_rate": -0.05920465270515013,
        "pressure_index": -0.2500000000000009,
        "bonus_attacks_per_run": 0.1499999999999999
      }
    },
    "depth2_orc_baseline_fine": {
      "verdict": "PASS",
      "deltas": {
        "death_rate": -0.025,
        "player_hit_rate": 0.004639020690385132,
        "monster_hit_rate": -0.0485123421786578,
        "pressure_index": 0.10000000000000142,
        "bonus_attacks_per_run": -0.17499999999999982
      }
    },
    "depth2_orc_baseline_masterwork": {
      "verdict": "PASS",
      "deltas": {
        "death_rate": 0.0,
        "player_hit_rate": -0.026862026862026878,
        "monster_hit_rate": -0.0421024403325288,
        "pressure_index": -0.1999999999999993,
        "bonus_attacks_per_run": 0.09999999999999964
      }
    }
  }
}